{
  "data": {
    "path": "data\\prepared_all_files_step1000.csv",
    "features": [
      "feature_0",
      "feature_1",
      "feature_2",
      "feature_3"
    ],
    "window_size": 64
  },
  "benchmarks": {
    "cnn": {
      "rmse_mean": 530691.125,
      "rmse_std": 0.0,
      "mae_mean": 453061.25,
      "mae_std": 0.0,
      "r2_mean": 0.100176125073142,
      "r2_std": 0.0,
      "training_time_mean": 39.56083380000018,
      "training_time_std": 0.0
    },
    "lstm": {
      "rmse_mean": 554590.125,
      "rmse_std": 0.0,
      "mae_mean": 479789.21875,
      "mae_std": 0.0,
      "r2_mean": 0.01730652993953652,
      "r2_std": 0.0,
      "training_time_mean": 29.178566800000226,
      "training_time_std": 0.0
    },
    "cnn_lstm": {
      "rmse_mean": 522088.65625,
      "rmse_std": 0.0,
      "mae_mean": 444396.4375,
      "mae_std": 0.0,
      "r2_mean": 0.1291119194782966,
      "r2_std": 0.0,
      "training_time_mean": 43.770585299999766,
      "training_time_std": 0.0
    }
  }
}